marker_id,maximum_stay,cost_per_hour
4497W,30,540
4457W,30,540
4461W,30,540
4499W,30,540
4453W,30,540
4459W,30,540
4451W,30,540
4455W,30,540
4465W,30,540
4463W,30,540
4464E,30,540
4456E,30,540
4462E,30,540
4466E,30,540
4460E,30,540
4458E,30,540
4450E,30,540
4468E,30,540
3410N,120,550
3414N,120,550
3416N,120,550
3408N,120,550
3406N,120,550
3412N,120,550
3403S,120,550
3424N,120,550
3422N,120,550
3420N,120,550
3413S,120,550
3390N,120,550
3388N,120,550
3409S,120,550
3396N,120,550
3415S,120,550
3398N,120,550
3407S,120,550
3417S,120,550
3394N,120,550
3411S,120,550
3402N,120,550
3428N,120,550
3400N,120,550
3426N,120,550
3405S,120,550
3392N,120,550
14002E,60,320
14016E,60,320
14002E,60,320
14014E,60,320
14000E,60,320
14012E,60,320
14004E,60,320
14006E,60,320
14010E,60,320
11812E,60,320
11840E,60,320
11818E,60,320
11816E,60,320
11828E,60,320
11802E,60,320
11820E,60,320
11808E,60,320
11800E,60,320
11826E,60,320
11834E,60,320
11836E,60,320
11822E,60,320
11806E,60,320
11832E,60,320
11804E,60,320
11810E,60,320
11830E,60,320
11814E,60,320
11842E,60,320
11824E,60,320
11838E,60,320
698E,30,540
681W,30,540
682E,30,540
669W,30,540
671W,30,540
673W,30,540
675W,30,540
694E,30,540
677W,30,540
686E,30,540
679W,30,540
690E,30,540
C692,30,540
C680,30,540
C670,30,540
C672,30,540
683W,30,540
C696,30,540
C660,30,540
C676,30,540
C662,30,540
C658,30,540
C674,30,540
C700,30,540
C688,30,540
C666,30,540
C664,30,540
C684,30,540
C668,30,540
13633W,120,320
13641W,120,320
13644E,120,320
13631W,120,320
13635W,120,320
13637W,120,320
13636E,120,320
13629W,120,320
13638E,120,320
13640E,120,320
13639W,120,320
13642E,120,320
5998N,60,550
5992N,60,550
5988N,60,550
5994N,60,550
5990N,60,550
5996N,60,550
6013S,60,550
6011S,60,550
6000N,60,550
6015S,60,550
6019S,60,550
2579S,60,550
2581S,60,550
2563S,60,550
2561S,60,550
2571S,60,550
2585S,60,550
2583S,60,550
742E,30,540
738E,30,540
746E,30,540
734E,30,540
750E,30,540
C732,30,540
C764,30,540
C722,30,540
C748,30,540
C756,30,540
C768,30,540
765W,30,540
C728,30,540
767W,30,540
C760,30,540
C726,30,540
C740,30,540
C752,30,540
C762,30,540
C758,30,540
C744,30,540
C736,30,540
C724,30,540
C766,30,540
12465S,60,320
12437S,60,320
12449S,60,320
12442N,60,320
12453S,60,320
12450N,60,320
12444N,60,320
12443S,60,320
12481S,60,320
12471S,60,320
12461S,60,320
12435S,60,320
12467S,60,320
12477S,60,320
12433S,60,320
12440N,60,320
12479S,60,320
12483S,60,320
12441S,60,320
12447S,60,320
12438N,60,320
12459S,60,320
12445S,60,320
12487S,60,320
12457S,60,320
12439S,60,320
12485S,60,320
12431S,60,320
12446N,60,320
12451S,60,320
12463S,60,320
12469S,60,320
12455S,60,320
12448N,60,320
12436N,60,320
12434N,60,320
12432N,60,320
14094E,240,170
14084E,240,170
14092E,240,170
14082E,240,170
14080E,240,170
14096E,240,170
14098E,240,170
14100E,240,170
14078E,240,170
14086E,240,170
14088E,240,170
14090E,240,170
C2936,60,550
C2954,60,550
2963S,60,550
C2960,60,550
2963S,60,550
C2970,60,550
C2926,60,550
C2958,60,550
2963S,60,550
C2976,60,550
C2980,60,550
C2918,60,550
C2922,60,550
C2914,60,550
C2934,60,550
C2966,60,550
C2930,60,550
C2978,60,550
C2974,60,550
C2962,60,550
1879S,30,540
1884N,30,540
1867S,30,540
1871S,30,540
1877S,30,540
1869S,30,540
1875S,30,540
1865S,30,540
1866N,30,540
1873S,30,540
1882N,30,540
13320E,120,320
13317W,120,320
13311W,120,320
13323W,120,320
13314E,120,320
13303W,120,320
13309W,120,320
13300E,120,320
13321W,120,320
13304E,120,320
13310E,120,320
13307W,120,320
13301W,120,320
13325W,120,320
13319W,120,320
13306E,120,320
13308E,120,320
13316E,120,320
13318E,120,320
13313W,120,320
13305W,120,320
13315W,120,320
13312E,120,320
13302E,120,320
13327W,120,320
14070E,240,170
14070E,240,170
C7746,120,320
7737S,120,320
C7744,120,320
7733S,120,320
C7734,120,320
7735S,120,320
C7736,120,320
C7732,120,320
C7734C,120,320
C7754,120,320
C7740,120,320
C7734A,120,320
7741S,120,320
C7748,120,320
C7736B,120,320
C7738,120,320
C7736A,120,320
C7734B,120,320
C7736C,120,320
7739S,120,320
C7728,120,320
C7752,120,320
C7730,120,320
1903S,60,550
1906N,60,550
1918N,60,550
1916N,60,550
1908N,60,550
1920N,60,550
1914N,60,550
1912N,60,550
1910N,60,550
7161S,240,170
7163S,240,170
7181S,240,170
7173S,240,170
7171S,240,170
7179S,240,170
7175S,240,170
7165S,240,170
7169S,240,170
14112E,240,170
14108E,240,170
14110E,240,170
13804N,120,320
13800N,120,320
14060E,240,170
14058E,240,170
14042E,240,170
14034E,240,170
14046E,240,170
14030E,240,170
14052E,240,170
14038E,240,170
14032E,240,170
14040E,240,170
14028E,240,170
14048E,240,170
14050E,240,170
14044E,240,170
14056E,240,170
3515S,120,550
3518N,120,550
3516N,120,550
3507S,120,550
3514N,120,550
3517S,120,550
3519S,120,550
3533S,120,550
3531S,120,550
3527S,120,550
3541S,120,550
3537S,120,550
3553S,120,550
3549S,120,550
3547S,120,550
3545S,120,550
3543S,120,550
3539S,120,550
3551S,120,550
3529S,120,550
5379W,30,320
C7408,120,550
C7410,120,550
C7414,120,550
C7416,120,550
C7412,120,550
6022N,120,550
6045S,120,550
6033S,120,550
6018N,120,550
6041S,120,550
6035S,120,550
6030N,120,550
6031S,120,550
6024N,120,550
6026N,120,550
6039S,120,550
6020N,120,550
6027S,120,550
6037S,120,550
6043S,120,550
6028N,120,550
6029S,120,550
8657W,180,200
8649W,180,200
8626E,180,200
8641W,180,200
8681W,180,200
8653W,180,200
8638E,180,200
8693W,180,200
8658E,180,200
8646E,180,200
8645W,180,200
8678E,180,200
8666E,180,200
8630E,180,200
8685W,180,200
8675W,180,200
8662E,180,200
8642E,180,200
8634E,180,200
8633W,180,200
8631W,180,200
8689W,180,200
8674E,180,200
8670E,180,200
C5650,60,320
5678E,60,320
C5622,60,320
C5660,60,320
C5676,60,320
C5674,60,320
C5614,60,320
C5632,60,320
C5612,60,320
C5610,60,320
C5646,60,320
5693W,60,320
C5702,60,320
C5704,60,320
C5626,60,320
C5696,60,320
C5688,60,320
5668E,60,320
5686E,60,320
C5648,60,320
C5644,60,320
C5638,60,320
C5616,60,320
C5618,60,320
C5656,60,320
5607W,60,320
C5658,60,320
5694E,60,320
C5666,60,320
C5700,60,320
C5706,60,320
C5638,60,320
5690E,60,320
C5680,60,320
5672E,60,320
C5652,60,320
5689W,60,320
5701W,60,320
C5662,60,320
C5620,60,320
C5624,60,320
C5670,60,320
C5692,60,320
5698E,60,320
5597W,60,320
C5628,60,320
C5642,60,320
C5632,60,320
C5684,60,320
C5664,60,320
C5654,60,320
6268N,60,550
6258N,60,550
6264N,60,550
6270N,60,550
6256N,60,550
6260N,60,550
6274N,60,550
6266N,60,550
6272N,60,550
6262N,60,550
3656N,120,550
3651S,120,550
3654N,120,550
3643S,120,550
3648N,120,550
3641S,120,550
3649S,120,550
3688N,120,550
3650N,120,550
3645S,120,550
3690N,120,550
3665S,120,550
3692N,120,550
3661S,120,550
3667S,120,550
3671S,120,550
3673S,120,550
3659S,120,550
3660N,120,550
3668N,120,550
3657S,120,550
3669S,120,550
3662N,120,550
3666N,120,550
3647S,120,550
3664N,120,550
3663S,120,550
1697S,120,550
1722N,120,550
1718N,120,550
1716N,120,550
1703S,120,550
1714N,120,550
1701S,120,550
1713S,120,550
1693S,120,550
1711S,120,550
1705S,120,550
1712N,120,550
1707S,120,550
1720N,120,550
1710N,120,550
1709S,120,550
1699S,120,550
1695S,120,550
1708N,120,550
1691S,120,550
7891W,120,320
C7834,120,320
7889W,120,320
7879W,120,320
7883W,120,320
C7838,120,320
7875W,120,320
7881W,120,320
7877W,120,320
7893W,120,320
C7810,120,320
C7830,120,320
C7822,120,320
7885W,120,320
C7842,120,320
C7802,120,320
C7806,120,320
C7818,120,320
C7826,120,320
7887W,120,320
7871W,120,320
C7814,120,320
7873W,120,320
4611W,60,550
4621W,60,550
4617W,60,550
4619W,60,550
4615W,60,550
4613W,60,550
3444N,60,550
3455S,60,550
3456NC,60,550
3452N,60,550
3442N,60,550
3456N,60,550
3453S,60,550
3448N,60,550
3456NB,60,550
3456NA,60,550
3454N,60,550
3446N,60,550
3450N,60,550
3456ND,60,550
15209S,240,170
15217S,240,170
15188N,240,170
15194N,240,170
15211S,240,170
15215S,240,170
15190N,240,170
15207S,240,170
15213S,240,170
15219S,240,170
15192N,240,170
C108,60,550
C148,60,550
C120,60,550
C116,60,550
C112,60,550
91W,60,550
C158,60,550
C144,60,550
C158,60,550
C140,60,550
C150,60,550
C156,60,550
89W,60,550
81W,60,550
83W,60,550
C88,60,550
C80,60,550
C158,60,550
D9W,60,550
87W,60,550
C104,60,550
C100,60,550
C128,60,550
93W,60,550
C158,60,550
C146,60,550
D7W,60,550
C84,60,550
C154,60,550
C154,60,550
C152,60,550
85W,60,550
C132,60,550
95W,60,550
C92,60,550
C156,60,550
C124,60,550
13762E,120,320
13727W,120,320
6660N,30,540
C6598,30,540
6588N,30,540
6592N,30,540
6629S,30,540
6672N,30,540
C6650,30,540
C6638,30,540
C6652,30,540
C6632,30,540
6623S,30,540
C6608,30,540
C6654,30,540
6680N,30,540
6633S,30,540
6669S,30,540
C6710,30,540
6571S,30,540
6584N,30,540
6657S,30,540
C6634,30,540
6668N,30,540
6576N,30,540
6583S,30,540
6614N,30,540
6663S,30,540
C6642,30,540
C6616,30,540
6575S,30,540
C6646,30,540
6631S,30,540
C6632B,30,540
C6624,30,540
6625S,30,540
C6702,30,540
C6648,30,540
C6606,30,540
6619S,30,540
C6602,30,540
6581S,30,540
C6678,30,540
C6682,30,540
6573S,30,540
C6620,30,540
C6674,30,540
C6632A,30,540
6667S,30,540
C6698,30,540
C6658,30,540
C6628,30,540
6661S,30,540
C6636,30,540
C6640,30,540
C6686,30,540
6676N,30,540
6664N,30,540
C6662,30,540
6580N,30,540
C6706,30,540
6665S,30,540
6659S,30,540
C6656,30,540
6621S,30,540
6627S,30,540
C6714,30,540
6618N,30,540
C6612,30,540
C6670,30,540
C6712,30,540
C6690,30,540
9343S,60,320
9397S,60,320
9385S,60,320
9335S,60,320
9327S,60,320
9389S,60,320
9387S,60,320
9337S,60,320
9401S,60,320
9393S,60,320
9319S,60,320
9365S,60,320
9315S,60,320
9391S,60,320
9351S,60,320
9341S,60,320
9405S,60,320
9371S,60,320
9373S,60,320
9359S,60,320
9395S,60,320
9355S,60,320
9321S,60,320
9339S,60,320
9323S,60,320
9333S,60,320
9367S,60,320
9357S,60,320
9349S,60,320
9369S,60,320
9363S,60,320
9329S,60,320
9375S,60,320
9361S,60,320
9331S,60,320
9325S,60,320
9353S,60,320
9403S,60,320
9317S,60,320
9407S,60,320
9399S,60,320
1442E,30,540
1450E,30,540
1446E,30,540
1444E,30,540
1452E,30,540
1453W,30,540
1460E,30,540
1456E,30,540
1455W,30,540
1441W,30,540
1457W,30,540
1439W,30,540
1458E,30,540
1445W,30,540
1447W,30,540
1443W,30,540
1449W,30,540
1451W,30,540
1448E,30,540
1454E,30,540
10164E,60,320
10193W,60,320
10157W,60,320
10160E,60,320
10192E,60,320
10178E,60,320
10176E,60,320
10198E,60,320
10194E,60,320
10173W,60,320
10197W,60,320
10187W,60,320
10199W,60,320
10169W,60,320
10171W,60,320
10188E,60,320
10185W,60,320
10182E,60,320
10184E,60,320
10162E,60,320
10189W,60,320
10159W,60,320
10195W,60,320
10181W,60,320
10200E,60,320
10174E,60,320
10196E,60,320
10155W,60,320
10167W,60,320
10177W,60,320
10190E,60,320
10186E,60,320
10191W,60,320
10170E,60,320
10153W,60,320
10180E,60,320
10166E,60,320
10151W,60,320
10179W,60,320
10168E,60,320
10183W,60,320
12210N,120,320
12235S,120,320
12223S,120,320
12203S,120,320
12202N,120,320
12225S,120,320
12217S,120,320
12227S,120,320
12241S,120,320
12215S,120,320
12206N,120,320
12221S,120,320
12231S,120,320
12237S,120,320
12251S,120,320
12200N,120,320
12213S,120,320
12212N,120,320
12205S,120,320
12245S,120,320
12229S,120,320
12253S,120,320
12211S,120,320
12208N,120,320
12243S,120,320
12233S,120,320
12207S,120,320
12219S,120,320
12214N,120,320
12204N,120,320
12239S,120,320
12247S,120,320
12201S,120,320
12209S,120,320
12249S,120,320
12336N,60,320
12324N,60,320
12338N,60,320
12329S,60,320
12331S,60,320
12334N,60,320
12371S,60,320
12325S,60,320
12347S,60,320
12321S,60,320
12330N,60,320
12326N,60,320
12339S,60,320
12361S,60,320
12353S,60,320
12320N,60,320
12365S,60,320
12342N,60,320
12343S,60,320
12359S,60,320
12328N,60,320
12363S,60,320
12327S,60,320
12367S,60,320
12335S,60,320
12373S,60,320
12349S,60,320
12357S,60,320
12377S,60,320
12345S,60,320
12323S,60,320
12355S,60,320
12369S,60,320
12337S,60,320
12341S,60,320
12340N,60,320
12322N,60,320
12351S,60,320
12375S,60,320
C9000,120,320
C9020,120,320
C9044,120,320
C9084,120,320
C9004,120,320
C9048,120,320
C9088,120,320
C9072,120,320
C9076,120,320
12806N,120,320
12801S,120,320
12816N,120,320
C9036,120,320
C9012,120,320
12805S,120,320
C9008,120,320
12813S,120,320
12812N,120,320
C9040,120,320
12807S,120,320
C9056,120,320
12804N,120,320
12808N,120,320
C9052,120,320
C9060,120,320
C9064,120,320
C9032,120,320
C9028,120,320
12814N,120,320
12810N,120,320
12811S,120,320
C9080,120,320
12802N,120,320
C9068,120,320
C9016,120,320
12800N,120,320
C9024,120,320
12809S,120,320
12803S,120,320
3089S,60,550
C3002,60,550
3016N,60,550
C3120,60,550
3027S,60,550
C3030,60,550
C3058,60,550
C3124,60,550
C3018,60,550
C3054,60,550
C3046,60,550
C3116,60,550
C2994,60,550
C3034,60,550
C3128,60,550
C3114,60,550
C3110,60,550
C3092,60,550
C3070,60,550
C2998,60,550
C3066,60,550
C3108,60,550
C3096,60,550
C3078,60,550
3056N,60,550
C2984,60,550
3090N,60,550
C3050,60,550
C3010,60,550
3008N,60,550
C3006,60,550
3099S,60,550
C3106,60,550
C3014,60,550
C3100,60,550
3093S,60,550
3052N,60,550
C3132,60,550
3109S,60,550
C3134,60,550
3103S,60,550
3025S,60,550
3091S,60,550
C3062,60,550
C3076,60,550
C3136,60,550
3012N,60,550
3023S,60,550
C3104,60,550
3082N,60,550
3029S,60,550
C3038,60,550
3000N,60,550
C2990,60,550
C3118,60,550
C3130,60,550
3086N,60,550
C3042,60,550
C2982,60,550
2996N,60,550
C2986,60,550
3107S,60,550
3094N,60,550
C3088,60,550
3097S,60,550
3095S,60,550
2988N,60,550
C3072,60,550
C3026,60,550
3021S,60,550
C3022,60,550
C3122,60,550
3004N,60,550
C3112,60,550
3101S,60,550
C3126,60,550
3105S,60,550
11951W,120,320
11923W,120,320
11929W,120,320
11945W,120,320
11935W,120,320
11943W,120,320
11941W,120,320
11931W,120,320
11939W,120,320
11925W,120,320
11937W,120,320
11949W,120,320
11933W,120,320
11927W,120,320
11947W,120,320
11921W,120,320
4537W,180,550
4535W,180,550
4525W,180,550
4515W,180,550
4513W,180,550
4517W,180,550
4529W,180,550
4523W,180,550
4527W,180,550
4533W,180,550
4531W,180,550
4519W,180,550
4521W,180,550
C7684,240,170
C7712,240,170
C7694,240,170
C7708,240,170
C7710,240,170
C7690,240,170
C7688,240,170
C7700,240,170
C7692,240,170
C7686,240,170
C7714,240,170
C7704,240,170
C7698,240,170
C7716,240,170
C7696,240,170
C7706,240,170
C7702,240,170
7709S,240,170
C7718,240,170
C7682,240,170
9419S,60,320
9451S,60,320
9443S,60,320
9417S,60,320
9441S,60,320
9445S,60,320
9447S,60,320
9457S,60,320
9423S,60,320
9411S,60,320
9453S,60,320
9455S,60,320
9437S,60,320
9425S,60,320
9439S,60,320
9413S,60,320
9427S,60,320
9429S,60,320
9461S,60,320
9449S,60,320
9415S,60,320
9435S,60,320
9421S,60,320
9431S,60,320
9459S,60,320
9433S,60,320
6254N,240,550
6251S,240,550
6263S,240,550
6265S,240,550
6253S,240,550
6267S,240,550
6240N,240,550
6252N,240,550
6259S,240,550
6257S,240,550
101W,60,550
C164,60,550
103W,60,550
130E,60,550
138E,60,550
97W,60,550
C196,60,550
C176,60,550
C160,60,550
C192,60,550
134E,60,550
C180,60,550
C184,60,550
C168,60,550
99W,60,550
C162,60,550
C172,60,550
4507W,180,550
4501W,180,550
4505W,180,550
4503W,180,550
4509W,180,550
6322E,60,320
C6344,60,320
C6348,60,320
C6350,60,320
6310E,60,320
C6372,60,320
C6420,60,320
C6304,60,320
6377W,60,320
C6400,60,320
C6336,60,320
C6404,60,320
6313W,60,320
C6296,60,320
6288E,60,320
C6406,60,320
C6300,60,320
C6416,60,320
6306E,60,320
C6356,60,320
C6424,60,320
6426E,60,320
C6368,60,320
6314E,60,320
C6432,60,320
6370E,60,320
6318E,60,320
6315W,60,320
6294E,60,320
6381W,60,320
C6290,60,320
6330E,60,320
C6298,60,320
C6278,60,320
6334E,60,320
C6414,60,320
6383W,60,320
C6392,60,320
C6286,60,320
6394E,60,320
C6340,60,320
6379W,60,320
6386E,60,320
6338E,60,320
C6302,60,320
C6360,60,320
C6402,60,320
C6396,60,320
6362E,60,320
C6352,60,320
C6282,60,320
6375W,60,320
6398E,60,320
C6378,60,320
C6284,60,320
C6418,60,320
C6380,60,320
6292E,60,320
C6376,60,320
6354E,60,320
6326E,60,320
C6382,60,320
C6408,60,320
C6412,60,320
C6428,60,320
C6390,60,320
C6384,60,320
6358E,60,320
C6374,60,320
6422E,60,320
C6294,60,320
6355W,60,320
C6280,60,320
C1142,60,550
C1132,60,550
C1120,60,550
C1136,60,550
C1134,60,550
C1126,60,550
C1144,60,550
C1140,60,550
C1148,60,550
C1122,60,550
C1138,60,550
C1128,60,550
C1146,60,550
C1124,60,550
C1130,60,550
C1118,60,550
6556N,30,540
C6566,30,540
6536N,30,540
C6554,30,540
6540N,30,540
C6552,30,540
6538N,30,540
C6562,30,540
6560N,30,540
6542N,30,540
C6558,30,540
13452E,120,320
13351W,120,320
13436E,120,320
13464E,120,320
13347W,120,320
13339W,120,320
13333W,120,320
13345W,120,320
13444E,120,320
13337W,120,320
13454E,120,320
13434E,120,320
13464E,120,320
13450E,120,320
13440E,120,320
13464E,120,320
13343W,120,320
13442E,120,320
13329W,120,320
13438E,120,320
13349W,120,320
13335W,120,320
13458E,120,320
13341W,120,320
13448E,120,320
13458E,120,320
13432E,120,320
13446E,120,320
13436E,120,320
13331W,120,320
13458E,120,320
13456E,120,320
13430E,120,320
13458E,120,320
C18060,120,320
18024E,120,320
C18104,120,320
C18056,120,320
18017W,120,320
18043W,120,320
C18192,120,320
C18184,120,320
C18048,120,320
C18128,120,320
C18124,120,320
18014E,120,320
C18108,120,320
18002E,120,320
C18140,120,320
C18132,120,320
18001W,120,320
18033W,120,320
18019W,120,320
18009W,120,320
18041W,120,320
C18088,120,320
C18092,120,320
C18136,120,320
18004E,120,320
C18180,120,320
C18112,120,320
18035W,120,320
C18160,120,320
C18172,120,320
18000E,120,320
C18188,120,320
C18072,120,320
18032E,120,320
18038E,120,320
18026E,120,320
C18116,120,320
C18100,120,320
18005W,120,320
C18164,120,320
C18144,120,320
18040E,120,320
C18156,120,320
18010E,120,320
C18044,120,320
18021W,120,320
C18196,120,320
C18152,120,320
18034E,120,320
18007W,120,320
C18076,120,320
C18176,120,320
18036E,120,320
18030E,120,320
18023W,120,320
C18168,120,320
C18052,120,320
18012E,120,320
C18068,120,320
8789W,60,550
8779W,60,550
8810E,60,550
8818E,60,550
8812E,60,550
8814E,60,550
8808E,60,550
8816E,60,550
8787W,60,550
8785W,60,550
8781W,60,550
8783W,60,550
8777W,60,550
C1082,60,550
C1086,60,550
C1088,60,550
C1104,60,550
C1100,60,550
C1080,60,550
C1098,60,550
C1084,60,550
C1106,60,550
C1108,60,550
C1102,60,550
9065S,660,80
9047S,660,80
9043S,660,80
9029S,660,80
9045S,660,80
9061S,660,80
9069S,660,80
9051S,660,80
9059S,660,80
9039S,660,80
9027S,660,80
9033S,660,80
9071S,660,80
9049S,660,80
9063S,660,80
9035S,660,80
9067S,660,80
9031S,660,80
9037S,660,80
9055S,660,80
9025S,660,80
9041S,660,80
9053S,660,80
9057S,660,80
C5450,120,320
C5478,120,320
5464E,120,320
5461W,120,320
C5506,120,320
C5454,120,320
C5470,120,320
5460E,120,320
5472E,120,320
C5500,120,320
C5458,120,320
C5448,120,320
5457W,120,320
5480E,120,320
5463W,120,320
5476E,120,320
C5494,120,320
C5498,120,320
C5466,120,320
5449W,120,320
5491W,120,320
C5456,120,320
C5474,120,320
C5486,120,320
C5502,120,320
C5510,120,320
C5508,120,320
5512E,120,320
C5462,120,320
5447W,120,320
5468E,120,320
C5490,120,320
C5504,120,320
5459W,120,320
C5452,120,320
5451W,120,320
C5482,120,320
13026N,60,320
13024N,60,320
13039S,60,320
13043S,60,320
13018N,60,320
13041S,60,320
13022N,60,320
13035S,60,320
13037S,60,320
13035S,60,320
13020N,60,320
12096E,120,320
12068E,120,320
12080E,120,320
12086E,120,320
12082E,120,320
12104E,120,320
12102E,120,320
12098E,120,320
12076E,120,320
12100E,120,320
12078E,120,320
12084E,120,320
12094E,120,320
12088E,120,320
12072E,120,320
12106E,120,320
12074E,120,320
12070E,120,320
12092E,120,320
12090E,120,320
C8044,60,320
C8050,60,320
C8066,60,320
C8074,60,320
C8062,60,320
C8016,60,320
C8014,60,320
C8060,60,320
11603S,60,320
C8028,60,320
C8020,60,320
C8012,60,320
C8042,60,320
C8030,60,320
C8010,60,320
C8046,60,320
11600N,60,320
11607S,60,320
C8036,60,320
C8040,60,320
C8038,60,320
11605S,60,320
C8070,60,320
C8056,60,320
C8048,60,320
C8054,60,320
C8058,60,320
C8034,60,320
C8052,60,320
C8022,60,320
C8068,60,320
C8032,60,320
C8026,60,320
C8072,60,320
C8004,60,320
C8006,60,320
C8064,60,320
C8008,60,320
C8018,60,320
11601S,60,320
13391W,120,320
13399W,120,320
13395W,120,320
13405W,120,320
13401W,120,320
13381W,120,320
13385W,120,320
13389W,120,320
13403W,120,320
13393W,120,320
13383W,120,320
13397W,120,320
13379W,120,320
3279S,30,540
C3248,30,540
3269S,30,540
C3252,30,540
3250N,30,540
3170N,30,540
C3162,30,540
3209S,30,540
C3234,30,540
C3232,30,540
C3256,30,540
3190N,30,540
3242N,30,540
C3154,30,540
3161S,30,540
C3260,30,540
C3172,30,540
C3168,30,540
3258N,30,540
C3176,30,540
C3268,30,540
3277S,30,540
3163S,30,540
3182N,30,540
C3160,30,540
C3244,30,540
3198N,30,540
3197S,30,540
C3272,30,540
C3158,30,540
C3164,30,540
3194N,30,540
C3184,30,540
3186N,30,540
C3264,30,540
C3180,30,540
C3280,30,540
3266N,30,540
3165S,30,540
3246N,30,540
3271S,30,540
3275S,30,540
C3236,30,540
3166N,30,540
3281S,30,540
C3156,30,540
3273S,30,540
C3240,30,540
C3276,30,540
2376N,60,550
2373S,60,550
2371S,60,550
2369S,60,550
2357S,60,550
2374N,60,550
2363S,60,550
2361S,60,550
2365S,60,550
2381S,60,550
2359S,60,550
2367S,60,550
2375S,60,550
C7200,240,170
C7220,240,170
C7224,240,170
C7244,240,170
C7206,240,170
C7212,240,170
C7222,240,170
C7232,240,170
C7198,240,170
C7186,240,170
C7180,240,170
C7242,240,170
C7178,240,170
C7190,240,170
C7182,240,170
C7234,240,170
C7246,240,170
C7236,240,170
C7204,240,170
C7184,240,170
C7214,240,170
C7208,240,170
C7216,240,170
C7228,240,170
C7240,240,170
C7210,240,170
C7226,240,170
C7192,240,170
C7176,240,170
C7174,240,170
C7230,240,170
C7196,240,170
C7188,240,170
C7202,240,170
C7194,240,170
C7218,240,170
C7238,240,170
C5930,240,170
C5918,240,170
C5958,240,170
C5916,240,170
C5966,240,170
C5956,240,170
C5926,240,170
C5864,240,170
C5938,240,170
C5936,240,170
C5914,240,170
C5962,240,170
C5886,240,170
C5860,240,170
C5902,240,170
C5870,240,170
C5920,240,170
C5862,240,170
C5924,240,170
C5890,240,170
C5856,240,170
C5934,240,170
C5898,240,170
C5904,240,170
C5954,240,170
C5942,240,170
C5940,240,170
C5910,240,170
C5950,240,170
C5964,240,170
C5946,240,170
C5892,240,170
C5932,240,170
C5944,240,170
C5872,240,170
C5922,240,170
C5900,240,170
C5878,240,170
C5960,240,170
C5882,240,170
C5952,240,170
C5880,240,170
C5894,240,170
C5858,240,170
C5876,240,170
C5854,240,170
C5908,240,170
C5888,240,170
C5868,240,170
C5906,240,170
C5874,240,170
C862,120,550
844E,120,550
C878,120,550
C874,120,550
C850,120,550
880E,120,550
C870,120,550
C890,120,550
C846,120,550
C882,120,550
C842,120,550
C866,120,550
C886,120,550
852E,120,550
C854,120,550
848E,120,550
C858,120,550
1843S,30,550
1835S,30,550
1837S,30,550
1845S,30,550
1841S,30,550
1839S,30,550
1481W,120,550
1494E,120,550
1492E,120,550
1487W,120,550
1490E,120,550
1489W,120,550
1483W,120,550
1485W,120,550
781W,30,540
771W,30,540
769W,30,540
770E,30,540
780E,30,540
779W,30,540
775W,30,540
783W,30,540
767Wa,30,540
773W,30,540
7869W,120,320
7857W,120,320
7863W,120,320
7861W,120,320
7855W,120,320
7865W,120,320
7859W,120,320
7867W,120,320
8334E,120,320
8340E,120,320
8354E,120,320
8329W,120,320
8356E,120,320
8337W,120,320
8310E,120,320
8347W,120,320
8304E,120,320
8311W,120,320
8338E,120,320
8317W,120,320
8325W,120,320
8352E,120,320
8323W,120,320
8345W,120,320
8322E,120,320
8341W,120,320
8324E,120,320
8306E,120,320
8319W,120,320
8320E,120,320
8332E,120,320
8342E,120,320
8316E,120,320
8330E,120,320
8331W,120,320
8318E,120,320
8315W,120,320
8312E,120,320
8314E,120,320
8343W,120,320
8346E,120,320
8321W,120,320
8344E,120,320
8328E,120,320
8333W,120,320
8308E,120,320
8336E,120,320
8326E,120,320
8335W,120,320
11873W,60,320
11877W,60,320
11879W,60,320
11875W,60,320
11871W,60,320
78E,120,550
79W,120,550
69W,120,550
65W,120,550
77W,120,550
71W,120,550
73W,120,550
72E,120,550
67W,120,550
74E,120,550
75W,120,550
76E,120,550
C1109,30,540
C1121,30,540
C1111,30,540
1116E,30,540
C1113,30,540
C1107,30,540
1114E,30,540
C1117,30,540
C1119,30,540
1112E,30,540
C1115,30,540
C1123,30,540
9220N,60,320
9224N,60,320
9230N,60,320
9198N,60,320
9216N,60,320
9214N,60,320
9200N,60,320
9206N,60,320
9192N,60,320
9196N,60,320
9234N,60,320
9218N,60,320
9232N,60,320
9228N,60,320
9222N,60,320
9204N,60,320
9212N,60,320
9210N,60,320
9194N,60,320
9190N,60,320
9226N,60,320
9188N,60,320
9208N,60,320
13751W,120,320
13770E,120,320
13778E,120,320
13777W,120,320
13749W,120,320
13755W,120,320
13794E,120,320
13741W,120,320
13757W,120,320
13786E,120,320
13774E,120,320
13780E,120,320
13768E,120,320
13796E,120,320
13776E,120,320
13784E,120,320
13782E,120,320
13775W,120,320
13743W,120,320
13773W,120,320
13769W,120,320
13771W,120,320
13772E,120,320
13741W,120,320
13753W,120,320
12346N,60,320
12366N,60,320
12360N,60,320
12348N,60,320
12358N,60,320
12344N,60,320
12089W,120,320
12095W,120,320
12079W,120,320
12093W,120,320
12073W,120,320
12091W,120,320
12083W,120,320
12081W,120,320
12087W,120,320
12075W,120,320
12085W,120,320
12077W,120,320
2313S,120,550
2307S,120,550
2289S,120,550
2287S,120,550
2283S,120,550
2321S,120,550
2323S,120,550
2318N,120,550
2291S,120,550
2295S,120,550
2303S,120,550
2312N,120,550
"2308N,2310",120,550
2300N,120,550
2325S,120,550
2316N,120,550
2297S,120,550
2304N,120,550
2309S,120,550
2306N,120,550
2305S,120,550
2299S,120,550
2302N,120,550
2311S,120,550
2314N,120,550
2285S,120,550
2327S,120,550
2301S,120,550
5133W,240,170
5129W,240,170
5146E,240,170
5130E,240,170
5138E,240,170
5152E,240,170
5158E,240,170
5162E,240,170
5132E,240,170
5156E,240,170
5147W,240,170
5149W,240,170
5148E,240,170
5144E,240,170
5145W,240,170
5136E,240,170
5142E,240,170
5125W,240,170
5160E,240,170
5121W,240,170
5117W,240,170
5140E,240,170
5131W,240,170
5123W,240,170
5141W,240,170
5143W,240,170
5119W,240,170
5150E,240,170
5154E,240,170
8293W,120,320
8283W,120,320
8279W,120,320
8295W,120,320
8287W,120,320
8299W,120,320
8297W,120,320
8291W,120,320
8281W,120,320
8285W,120,320
8289W,120,320
7923W,120,320
7833W,120,320
7919W,120,320
7839W,120,320
7917W,120,320
7921W,120,320
7829W,120,320
7915W,120,320
7837W,120,320
7913W,120,320
7831W,120,320
7835W,120,320
10116E,60,320
10103W,60,320
10118E,60,320
10124E,60,320
10100E,60,320
10105W,60,320
10120E,60,320
10107W,60,320
10102E,60,320
10109W,60,320
10111W,60,320
10122E,60,320
10121W,60,320
10106E,60,320
10113W,60,320
10119W,60,320
10115W,60,320
10117W,60,320
10104E,60,320
C6134,240,170
C6182,240,170
C6100,240,170
C6084,240,170
C6104,240,170
C6090,240,170
C6142,240,170
C6170,240,170
C6148,240,170
C6154,240,170
C6132,240,170
C6112,240,170
C6114,240,170
C6164,240,170
C6092,240,170
C6080,240,170
C6174,240,170
C6076,240,170
C6160,240,170
C6180,240,170
C6120,240,170
C6144,240,170
C6096,240,170
C6108,240,170
C6126,240,170
C6152,240,170
C6162,240,170
C6106,240,170
C6130,240,170
C6138,240,170
C6074,240,170
C6088,240,170
C6110,240,170
C6166,240,170
C6116,240,170
C6086,240,170
C6098,240,170
C6136,240,170
C6118,240,170
C6124,240,170
C6082,240,170
C6178,240,170
C6172,240,170
C6122,240,170
C6078,240,170
C6146,240,170
C6184,240,170
C6156,240,170
C6072,240,170
C6102,240,170
C6176,240,170
C6140,240,170
C6158,240,170
12276N,60,320
12268N,60,320
12285S,60,320
12272N,60,320
12303S,60,320
12270N,60,320
12287S,60,320
12286N,60,320
12299S,60,320
12307S,60,320
12305S,60,320
12288N,60,320
12278N,60,320
12311S,60,320
12293S,60,320
12301S,60,320
12309S,60,320
12281S,60,320
12279S,60,320
12289S,60,320
12274N,60,320
12284N,60,320
12295S,60,320
12282N,60,320
12283S,60,320
12291S,60,320
12280N,60,320
12297S,60,320
C328,60,550
C344,60,550
C304,60,550
9079S,60,320
9081S,60,320
9077S,60,320
9081S,60,320
9074N,60,320
9096N,60,320
9098N,60,320
9094N,60,320
9073S,60,320
9078N,60,320
9075S,60,320
9092N,60,320
9083S,60,320
9083S,60,320
13752E,120,320
13756E,120,320
13723W,120,320
13740E,120,320
13754E,120,320
13728E,120,320
13738E,120,320
13722E,120,320
13730E,120,320
13720E,120,320
13746E,120,320
13736E,120,320
13726E,120,320
13725W,120,320
13748E,120,320
13724E,120,320
13734E,120,320
13750E,120,320
13742E,120,320
13732E,120,320
7670N,60,320
7673S,60,320
7672N,60,320
7677S,60,320
7671S,60,320
7674N,60,320
7678N,60,320
7676N,60,320
7680N,60,320
7675S,60,320
4691Wa,60,320
4693Wa,60,320
4705Wa,60,320
4692Ea,60,320
4682Ea,60,320
4690Ea,60,320
4704Ea,60,320
4688Ea,60,320
4689Wa,60,320
4696Ea,60,320
4694Ea,60,320
4702Ea,60,320
4687Wa,60,320
4684Ea,60,320
4700Ea,60,320
4664Ea,60,320
4686Ea,60,320
4666Ea,60,320
4685Wa,60,320
C1212,60,550
1236E,60,550
C1234,60,550
C1216,60,550
1215W,60,550
1211W,60,550
1203W,60,550
C1230,60,550
1209W,60,550
C1214,60,550
C1218,60,550
1213W,60,550
C1220,60,550
C1226,60,550
1201W,60,550
1232E,60,550
1205W,60,550
C1246,60,550
C1242,60,550
C1222,60,550
C1208,60,550
1207W,60,550
1228E,60,550
C1210,60,550
C1238,60,550
C1206,60,550
C1224,60,550
2457S,60,550
2461S,60,550
2444N,60,550
2468N,60,550
2459S,60,550
2472N,60,550
2454N,60,550
2470N,60,550
2452N,60,550
2466N,60,550
2450N,60,550
2443S,60,550
2441S,60,550
2446N,60,550
2448N,60,550
C5770,240,170
C5788,240,170
5795W,240,170
C5720,240,170
C5790,240,170
C5736,240,170
C5772,240,170
C5716,240,170
C5754,240,170
C5750,240,170
C5800,240,170
C5708,240,170
C5728,240,170
C5742,240,170
C5766,240,170
C5734,240,170
C5794,240,170
C5780,240,170
5758E,240,170
C5724,240,170
C5798,240,170
C5756,240,170
C5784,240,170
C5786,240,170
C5744,240,170
C5730,240,170
C5740,240,170
5793W,240,170
C5774,240,170
C5710,240,170
C5760,240,170
C5714,240,170
C5738,240,170
C5712,240,170
5722E,240,170
C5782,240,170
C5748,240,170
C5776,240,170
C5768,240,170
C5726,240,170
C5762,240,170
C5764,240,170
C5778,240,170
C5746,240,170
C5752,240,170
C5792,240,170
C5732,240,170
C5796,240,170
C5718,240,170
13864N,120,320
13856N,120,320
13858N,120,320
13838N,120,320
13834N,120,320
13844N,120,320
13860N,120,320
13854N,120,320
13862N,120,320
13836N,120,320
15550N,60,320
15542N,60,320
15560N,60,320
15552N,60,320
15554N,60,320
15556N,60,320
15540N,60,320
15546N,60,320
15544N,60,320
15548N,60,320
15558N,60,320
C2786,30,540
C2776,30,540
C2836,30,540
2857S,30,540
C2820,30,540
C2832,30,540
C2868,30,540
2798N,30,540
2853S,30,540
2830N,30,540
C2824,30,540
C2816,30,540
C2858,30,540
C2796,30,540
C2840,30,540
C2860,30,540
2861S,30,540
C2772,30,540
C2848,30,540
C2834,30,540
C2808,30,540
C2866,30,540
2814N,30,540
C2800,30,540
2882N,30,540
C2778,30,540
C2780,30,540
C2788,30,540
2862N,30,540
C2852,30,540
2859S,30,540
C2770,30,540
C2874,30,540
C2806,30,540
C2810,30,540
C2790,30,540
2847S,30,540
2793S,30,540
2892N,30,540
C2792,30,540
C2774,30,540
C2804,30,540
C2864,30,540
C2842,30,540
C2854,30,540
C2812,30,540
2795S,30,540
C2876,30,540
2818N,30,540
2849S,30,540
C2872,30,540
C2794,30,540
2850N,30,540
2855S,30,540
2846N,30,540
C2838,30,540
C2828,30,540
C2802,30,540
C2782,30,540
2841S,30,540
2845S,30,540
2856N,30,540
2843S,30,540
C2844,30,540
2822N,30,540
2826N,30,540
C2870,30,540
2851S,30,540
4965W,60,550
4977W,60,550
5007W,60,550
4997W,60,550
4979W,60,550
4995W,60,550
C4972,60,550
C5010,60,550
C5004,60,550
4963W,60,550
4947W,60,550
4949W,60,550
5011W,60,550
C4970,60,550
4999W,60,550
4985W,60,550
4983W,60,550
4955W,60,550
5005W,60,550
4953W,60,550
C4974,60,550
C4968,60,550
4967W,60,550
5003W,60,550
5009W,60,550
4993W,60,550
C5006,60,550
4951W,60,550
C5008,60,550
4959W,60,550
4961W,60,550
649W,30,540
645W,30,540
647W,30,540
633W,30,540
631W,30,540
643W,30,540
7819W,60,320
7813W,60,320
7805W,60,320
7807W,60,320
7817W,60,320
7809W,60,320
7811W,60,320
7821W,60,320
7823W,60,320
7815W,60,320
C13620,60,320
C13628,60,320
13253S,60,320
13254N,60,320
C13648,60,320
13242N,60,320
C13632,60,320
C13688,60,320
C13708,60,320
C13660,60,320
13237S,60,320
C13676,60,320
13247S,60,320
13248N,60,320
C13672,60,320
13241S,60,320
13258N,60,320
13244N,60,320
C13726,60,320
C13720,60,320
C13696,60,320
13256N,60,320
C13684,60,320
C13700,60,320
C13624,60,320
C13724,60,320
13250N,60,320
C13712,60,320
13251S,60,320
C13664,60,320
C13652,60,320
C13692,60,320
13240N,60,320
13260N,60,320
13262N,60,320
C13668,60,320
C13616,60,320
C13656,60,320
C13640,60,320
C13704,60,320
13246N,60,320
C13680,60,320
13252N,60,320
13245S,60,320
13249S,60,320
C13716,60,320
C13644,60,320
13239S,60,320
C13636,60,320
12907S,120,320
12900N,120,320
C9166,120,320
12914N,120,320
C9118,120,320
C9138,120,320
C9194,120,320
C9190,120,320
C9134,120,320
C9182,120,320
12901S,120,320
C9142,120,320
C9106,120,320
12909S,120,320
12912N,120,320
12910N,120,320
C9154,120,320
12904N,120,320
C9178,120,320
C9186,120,320
12905S,120,320
12908N,120,320
12906N,120,320
C9174,120,320
12903S,120,320
C9146,120,320
C9122,120,320
12911S,120,320
C9110,120,320
C9170,120,320
C9150,120,320
C9130,120,320
C9114,120,320
C9198,120,320
C9158,120,320
12902N,120,320
C9162,120,320
C9126,120,320
C9102,120,320
C9202,120,320
C2642,60,550
C2712,60,550
C2744,60,550
2682N,60,550
C2760,60,550
C2728,60,550
C2656,60,550
C2708,60,550
C2644,60,550
C2752,60,550
C2700,60,550
C2638,60,550
C2650,60,550
C2720,60,550
C2658,60,550
2702N,60,550
2694N,60,550
C2724,60,550
2686N,60,550
C2692,60,550
C2748,60,550
C2736,60,550
C2646,60,550
C2716,60,550
2678N,60,550
C2648,60,550
C2636,60,550
C2654,60,550
C2756,60,550
C2696,60,550
C2764,60,550
C2652,60,550
C2732,60,550
C2664,60,550
C2672,60,550
2674N,60,550
C2704,60,550
2698N,60,550
C2676,60,550
C2768,60,550
C2740,60,550
C2640,60,550
C2660,60,550
2690N,60,550
C2668,60,550
1932N,30,540
1946N,30,540
1944N,30,540
1935S,30,540
1956N,30,540
1937S,30,540
1958N,30,540
1950N,30,540
"1943S,1945",30,540
1941S,30,540
1954N,30,540
1948N,30,540
"1966N,1964",30,540
1936N,30,540
1930N,30,540
1926N,30,540
1939S,30,540
1952N,30,540
1924N,30,540
1925S,30,540
1928N,30,540
1942N,30,540
1923S,30,540
1968N,30,540
1938N,30,540
1921S,30,540
1940N,30,540
15520N,120,320
15506N,120,320
15524N,120,320
15538N,120,320
15532N,120,320
15502N,120,320
15510N,120,320
15526N,120,320
15504N,120,320
15534N,120,320
15518N,120,320
15500N,120,320
15528N,120,320
15530N,120,320
15516N,120,320
15508N,120,320
15512N,120,320
15514N,120,320
15522N,120,320
15536N,120,320
15701S,660,80
15715S,660,80
15703S,660,80
15709S,660,80
15711S,660,80
15707S,660,80
15717S,660,80
15713S,660,80
15719S,660,80
15705S,660,80
11748E,120,320
11754E,120,320
11762E,120,320
11752E,120,320
11768E,120,320
11750E,120,320
11758E,120,320
11766E,120,320
11742E,120,320
11744E,120,320
11747W,120,320
11756E,120,320
11740E,120,320
11760E,120,320
11751W,120,320
11746E,120,320
11749W,120,320
11753W,120,320
11764E,120,320
12528N,240,170
12514N,240,170
12500N,240,170
12520N,240,170
12524N,240,170
12530N,240,170
12512N,240,170
12510N,240,170
12504N,240,170
12516N,240,170
12522N,240,170
12508N,240,170
12518N,240,170
12526N,240,170
12502N,240,170
12506N,240,170
3823S,60,550
3825S,60,550
3797S,60,550
3821S,60,550
3815S,60,550
3795S,60,550
3809S,60,550
3822N,60,550
TR 3830N,60,550
3834N,60,550
3819S,60,550
TR 3832N,60,550
3833S,60,550
3831S,60,550
3813S,60,550
3836N,60,550
3811S,60,550
3807S,60,550
3817S,60,550
2515S,60,550
2506N,60,550
2510N,60,550
2504N,60,550
2411S,60,550
2513S,60,550
2508N,60,550
2517S,60,550
2495S,60,550
13600E,120,320
13606E,120,320
13101W,120,320
13604E,120,320
13612E,120,320
13103W,120,320
13099W,120,320
13095W,120,320
13602E,120,320
13608E,120,320
13105W,120,320
13097W,120,320
13610E,120,320
901W,180,550
905W,180,550
893W,180,550
895W,180,550
897W,180,550
903W,180,550
899W,180,550
9288N,60,320
9312N,60,320
9279S,60,320
9280N,60,320
9242N,60,320
9266N,60,320
9272N,60,320
9268N,60,320
9243S,60,320
9277S,60,320
9282N,60,320
9292N,60,320
9302N,60,320
9263S,60,320
9305S,60,320
9246N,60,320
9234N&9236,60,320
9260N,60,320
9311S,60,320
9250N,60,320
9241S,60,320
9256N,60,320
9285S,60,320
9309S,60,320
9244N,60,320
9310N,60,320
9308N,60,320
9262N,60,320
9314N,60,320
9240N,60,320
9274N,60,320
9290N,60,320
9264N,60,320
9257S,60,320
9276N,60,320
9238N,60,320
9267S,60,320
9237S,60,320
9245S,60,320
9287S,60,320
9249S,60,320
9296N,60,320
9239S,60,320
9306N,60,320
9278N,60,320
9303S,60,320
9252N,60,320
9270N,60,320
9258N,60,320
9283S,60,320
9247S,60,320
9294N,60,320
9248N,60,320
9289S,60,320
9261S,60,320
9304N,60,320
9265S,60,320
9254N,60,320
9259S,60,320
9284N,60,320
9307S,60,320
8010E,60,320
7999W,60,320
8011W,60,320
8003W,60,320
8014E,60,320
8018E,60,320
8002E,60,320
8021W,60,320
8013W,60,320
8001W,60,320
8015W,60,320
8016E,60,320
8006E,60,320
8009W,60,320
8007W,60,320
8005W,60,320
8019W,60,320
8017W,60,320
8008E,60,320
8004E,60,320
8000E,60,320
35W,60,550
27W,60,550
37W,60,550
31W,60,550
41W,60,550
39W,60,550
29W,60,550
25W,60,550
33W,60,550
4902E,60,550
4916E,60,550
4870E,60,550
4898E,60,550
4882E,60,550
4890E,60,550
4886E,60,550
4912E,60,550
4894E,60,550
4914E,60,550
11989W,120,320
11971W,120,320
11979W,120,320
11975W,120,320
11985W,120,320
11993W,120,320
11981W,120,320
11977W,120,320
11987W,120,320
11983W,120,320
11965W,120,320
11967W,120,320
11961W,120,320
11959W,120,320
11973W,120,320
11963W,120,320
11991W,120,320
11969W,120,320
2094N,30,540
2112N,30,540
2091S,30,540
2116N,30,540
2095S,30,540
2118N,30,540
2114N,30,540
2097S,30,540
2092N,30,540
13089S,120,320
13054N,120,320
13030N,120,320
13046N,120,320
13081S,120,320
13077S,120,320
13075S,120,320
13048N,120,320
13050N,120,320
13065S,120,320
13040N,120,320
13083S,120,320
13038N,120,320
13073S,120,320
13032N,120,320
13034N,120,320
13085S,120,320
13067S,120,320
13069S,120,320
13071S,120,320
13052N,120,320
13044N,120,320
13028N,120,320
13056N,120,320
13079S,120,320
13087S,120,320
13036N,120,320
13042N,120,320
3340N,120,550
3302N,120,550
3310N,120,550
3308N,120,550
3300N,120,550
3316N,120,550
3344N,120,550
3325S,120,550
3342N,120,550
3337S,120,550
3318N,120,550
3311S,120,550
3301S,120,550
3338N,120,550
3343S,120,550
3307S,120,550
3312N,120,550
3319S,120,550
3345S,120,550
3348N,120,550
3321S,120,550
3323S,120,550
3339S,120,550
3327S,120,550
3317S,120,550
3346N,120,550
3341S,120,550
2884N,60,550
2888N,60,550
2899S,60,550
2893S,60,550
2890N,60,550
2886N,60,550
2895S,60,550
2897S,60,550
11526N,60,320
11506N,60,320
11514N,60,320
11504N,60,320
11535S,60,320
11521S,60,320
11522N,60,320
11516N,60,320
11502N,60,320
11524N,60,320
11529S,60,320
11527S,60,320
11518N,60,320
11508N,60,320
11519S,60,320
11520N,60,320
11511S,60,320
11507S,60,320
11513S,60,320
11525S,60,320
11537S,60,320
11533S,60,320
11512N,60,320
11503S,60,320
11505S,60,320
11515S,60,320
11531S,60,320
11509S,60,320
11501S,60,320
11523S,60,320
11539S,60,320
11528N,60,320
11510N,60,320
11517S,60,320
1601W,30,540
1558E,30,540
1595W,30,540
1605W,30,540
1597W,30,540
1554E,30,540
1556E,30,540
1599W,30,540
1603W,30,540
1564E,30,540
1566E,30,540
1560E,30,540
1607W,30,540
1562E,30,540
15013W,120,320
15021W,120,320
15043W,120,320
15007W,120,320
15015W,120,320
15031W,120,320
15009W,120,320
15041W,120,320
15003W,120,320
15039W,120,320
15011W,120,320
15001W,120,320
15023W,120,320
15025W,120,320
15045W,120,320
15017W,120,320
15035W,120,320
15019W,120,320
15047W,120,320
15033W,120,320
15029W,120,320
15005W,120,320
15037W,120,320
15027W,120,320
12011W,120,320
12027W,120,320
12023W,120,320
12003W,120,320
12033W,120,320
12025W,120,320
12031W,120,320
12017W,120,320
12013W,120,320
12005W,120,320
12021W,120,320
12007W,120,320
12001W,120,320
12009W,120,320
12019W,120,320
12029W,120,320
12015W,120,320
9833S,120,320
9834N,120,320
9870N,120,320
9845S,120,320
9854N,120,320
9844N,120,320
9824N,120,320
9843S,120,320
9840N,120,320
9864N,120,320
9828N,120,320
9847S,120,320
9856N,120,320
9832N,120,320
9825S,120,320
9835S,120,320
9827S,120,320
9836N,120,320
9829S,120,320
9868N,120,320
9848N,120,320
9823S,120,320
9866N,120,320
9837S,120,320
9852N,120,320
9839S,120,320
9860N,120,320
9826N,120,320
9830N,120,320
9841S,120,320
9850N,120,320
9872N,120,320
9858N,120,320
9838N,120,320
9842N,120,320
9862N,120,320
9846N,120,320
9831S,120,320
13352E,120,320
13346E,120,320
13334E,120,320
13322E,120,320
13342E,120,320
13350E,120,320
13354E,120,320
13324E,120,320
13344E,120,320
13338E,120,320
13296E,120,320
13330E,120,320
13326E,120,320
13298E,120,320
13332E,120,320
13340E,120,320
13328E,120,320
13348E,120,320
13336E,120,320
5834E,240,170
5818E,240,170
5833W,240,170
5826E,240,170
5836E,240,170
5848E,240,170
5814E,240,170
5831W,240,170
5812E,240,170
5807W,240,170
5810E,240,170
5838E,240,170
5822E,240,170
5844E,240,170
5808E,240,170
5842E,240,170
5813W,240,170
5802E,240,170
5828E,240,170
5835W,240,170
5806E,240,170
5850E,240,170
5846E,240,170
5829W,240,170
5804E,240,170
5840E,240,170
5811W,240,170
5824E,240,170
5832E,240,170
5852E,240,170
5816E,240,170
5823W,240,170
5820E,240,170
5809W,240,170
5830E,240,170
13283S,120,320
13279S,120,320
13277S,120,320
13281S,120,320
"6061W,6059",120,320
C6040,120,320
C6036,120,320
C6054,120,320
6047W,120,320
C6060,120,320
C6070,120,320
C6058,120,320
C6048,120,320
C6066,120,320
C6046,120,320
6051W,120,320
C6068,120,320
C6052,120,320
C6062,120,320
C6038,120,320
C6064,120,320
C6056,120,320
C6042,120,320
C6050,120,320
6034E,120,320
6044E,120,320
6055W,120,320
2041S,30,540
2056N,30,540
2050N,30,540
"2061S,2059",30,540
2035S,30,540
2037S,30,540
2039S,30,540
2054N,30,540
"2057S,2055",30,540
2052N,30,540
13363W,120,320
13365W,120,320
13373W,120,320
13361W,120,320
13377W,120,320
13375W,120,320
13371W,120,320
13415W,120,320
13359W,120,320
13369W,120,320
13367W,120,320
3753S,60,550
3776N,60,550
3776N,60,550
3759S,60,550
3761S,60,550
3757S,60,550
3751S,60,550
3776N,60,550
3776N,60,550
3763S,60,550
3755S,60,550
12545S,120,320
12548N,120,320
12562N,120,320
12533S,120,320
12561S,120,320
12556N,120,320
12553S,120,320
12535S,120,320
12563S,120,320
12532N,120,320
12534N,120,320
12543S,120,320
12559S,120,320
12564N,120,320
12566N,120,320
12571S,120,320
12569S,120,320
12539S,120,320
12570N,120,320
12560N,120,320
12538N,120,320
12531S,120,320
12541S,120,320
12536N,120,320
12546N,120,320
12547S,120,320
12558N,120,320
12554N,120,320
12555S,120,320
12568N,120,320
12567S,120,320
12544N,120,320
12573S,120,320
12540N,120,320
12550N,120,320
12552N,120,320
12537S,120,320
12551S,120,320
12549S,120,320
12557S,120,320
12565S,120,320
12542N,120,320
2257W,60,550
2259W,60,550
2261W,60,550
1381W,60,550
2263W,60,550
1383W,60,550
1385W,60,550
1568N,30,540
1581S,30,540
1583S,30,540
1660N,30,540
1664N,30,540
1668N,30,540
1662N,30,540
1579S,30,540
2412N,60,550
2431S,60,550
2435S,60,550
2414N,60,550
2416N,60,550
2420N,60,550
2418N,60,550
2437S,60,550
2422N,60,550
2433S,60,550
9174N,660,80
9178N,660,80
9170N,660,80
9172N,660,80
9164N,660,80
9168N,660,80
9176N,660,80
9166N,660,80
C1058,60,550
C1074,60,550
C1062,60,550
C1068,60,550
C1064,60,550
C1070,60,550
C1060,60,550
C1072,60,550
C1066,60,550
3359S,120,550
3357S,120,550
7668N,60,320
7666N,60,320
7667S,60,320
7663S,60,320
7665S,60,320
20923,60,320
1890N,60,550
1892N,60,550
1895S,60,550
1894N,60,550
1897S,60,550
1902N,60,550
1898N,60,550
1899S,60,550
1896N,60,550
1900N,60,550
7093S,180,550
7081S,180,550
7097S,180,550
7091S,180,550
7085S,180,550
7095S,180,550
7086N,180,550
7096N,180,550
7079S,180,550
7101S,180,550
7078N,180,550
7083S,180,550
7082N,180,550
7099S,180,550
7090N,180,550
7087S,180,550
7088N,180,550
7098N,180,550
7084N,180,550
7089S,180,550
3976N,30,540
3983S,30,540
3961S,30,540
3958N,30,540
3959S,30,540
3980N,30,540
3947S,30,540
3957S,30,540
4006N,30,540
4002N,30,540
3978N,30,540
3964N,30,540
3951S,30,540
3979S,30,540
3969S,30,540
3977S,30,540
4008N,30,540
3949S,30,540
3962N,30,540
3956N,30,540
3955S,30,540
3986N,30,540
3945S,30,540
3981S,30,540
4000N,30,540
3975S,30,540
3984N,30,540
4004N,30,540
3968N,30,540
3960N,30,540
3953S,30,540
7637S,120,320
7617S,120,320
7624N,120,320
7630N,120,320
7636N,120,320
7645S,120,320
7626N,120,320
7623S,120,320
7640N,120,320
7629S,120,320
7638N,120,320
7651S,120,320
7619S,120,320
7644N,120,320
7625S,120,320
7628N,120,320
7649S,120,320
7622N,120,320
7634N,120,320
7632N,120,320
7643S,120,320
7621S,120,320
7641S,120,320
7642N,120,320
7633S,120,320
7639S,120,320
7631S,120,320
7620N,120,320
7627S,120,320
7647S,120,320
13268N,120,320
13270N,120,320
13264N,120,320
13276N,120,320
13274N,120,320
13266N,120,320
13272N,120,320
4373W,30,540
4371W,30,540
C624,120,550
C642,120,550
C636,120,550
623W,120,550
C638,120,550
602E,120,550
C596,120,550
625W,120,550
606E,120,550
C592,120,550
598E,120,550
C588,120,550
627W,120,550
C644,120,550
C600,120,550
C628,120,550
594E,120,550
C620,120,550
C632,120,550
C640,120,550
C616,120,550
9112N,120,320
9118N,120,320
9104N,120,320
9142N,120,320
9134N,120,320
9144N,120,320
9126N,120,320
9124N,120,320
9116N,120,320
9136N,120,320
9122N,120,320
9132N,120,320
9130N,120,320
9138N,120,320
9120N,120,320
9128N,120,320
9102N,120,320
9525S,180,200
9537S,180,200
9533S,180,200
9535S,180,200
9541S,180,200
9527S,180,200
9531S,180,200
9529S,180,200
9539S,180,200
13578E,60,320
13575W,60,320
13571W,60,320
13576E,60,320
13573W,60,320
13580E,60,320
13574E,60,320
2085S,30,540
2073S,30,540
2082N,30,540
2086N,30,540
2084N,30,540
2079S,30,540
2088N,30,540
2087S,30,540
2080N,30,540
2090N,30,540
2077S,30,540
13019S,30,320
13000N,30,320
13014N,30,320
13033S,30,320
13003S,30,320
13016Na,30,320
13021S,30,320
13029S,30,320
13009S,30,320
13016Nb,30,320
13005S,30,320
13016N,30,320
13007S,30,320
13031S,30,320
D5W,30,540
D1W,30,540
D3W,30,540
12397S,60,320
12386N,60,320
12414N,60,320
12394N,60,320
12388N,60,320
12406N,60,320
12385S,60,320
12391S,60,320
12396N,60,320
12387S,60,320
12380N,60,320
12418N,60,320
12392N,60,320
12390N,60,320
12383S,60,320
12420N,60,320
12399S,60,320
12410N,60,320
12422N,60,320
12382N,60,320
12402N,60,320
12389S,60,320
12398N,60,320
12404N,60,320
12408N,60,320
12384N,60,320
12393S,60,320
12381S,60,320
12412N,60,320
12400N,60,320
12395S,60,320
12416N,60,320
8893W,60,550
8889W,60,550
8891W,60,550
8885W,60,550
8895W,60,550
8897W,60,550
8901W,60,550
8999W,60,550
8887W,60,550
8905W,60,550
8883W,60,550
8903W,60,550
968E,30,540
961W,30,540
957W,30,540
959W,30,540
13614E,120,320
13626E,120,320
13624E,120,320
13625W,120,320
13614E,120,320
13616E,120,320
13618E,120,320
13617W,120,320
13621W,120,320
13622E,120,320
13623W,120,320
13619W,120,320
8125W,120,320
8121W,120,320
8123W,120,320
6721S,120,550
6719S,120,550
C6820,120,550
6865W,120,550
C580,120,550
C544,120,550
C13576,60,320
C13552,60,320
C13532,60,320
13228N,60,320
C13596,60,320
C13544,60,320
C13540,60,320
C13504,60,320
C13512,60,320
C13592,60,320
C13588,60,320
C13604,60,320
13233S,60,320
C13500,60,320
C13524,60,320
C13556,60,320
C13528,60,320
C13608,60,320
13227S,60,320
C13508,60,320
13232N,60,320
C13612,60,320
C13580,60,320
C13516,60,320
13234N,60,320
C13536,60,320
13231S,60,320
13229S,60,320
C13600,60,320
13225S,60,320
C13520,60,320
C13568,60,320
C13584,60,320
13238N,60,320
13235S,60,320
C13548,60,320
C13572,60,320
13236N,60,320
13230N,60,320
3940N,120,550
3926N,120,550
3914N,120,550
3932N,120,550
3924N,120,550
3916N,120,550
3918N,120,550
3922N,120,550
3934N,120,550
3938N,120,550
3930N,120,550
"3910N,3908",120,550
3942N,120,550
3944N,120,550
3936N,120,550
3920N,120,550
3912N,120,550
3928N,120,550
4473W,120,540
4481W,120,540
4474Ea,120,540
4486E,120,540
4475W,120,540
4467W,120,540
4479W,120,540
4476E,120,540
4478E,120,540
4484E,120,540
4470E,120,540
4483W,120,540
4472Ea,120,540
4471W,120,540
4474E,120,540
4482E,120,540
4485W,120,540
4472E,120,540
4480E,120,540
4469W,120,540
4477W,120,540
C7142,120,320
7141S,120,320
7125S,120,320
C7140,120,320
7133S,120,320
7139S,120,320
7119S,120,320
7138N,120,320
7122N,120,320
7131S,120,320
7144N,120,320
7135S,120,320
7146N,120,320
7129S,120,320
7123S,120,320
C7136,120,320
7120N,120,320
7127S,120,320
7121S,120,320
5331W,120,550
5347W,120,550
5351W,120,550
5349W,120,550
13654E,120,320
13647W,120,320
13664E,120,320
13662E,120,320
13646E,120,320
13659W,120,320
13658E,120,320
13652E,120,320
13656E,120,320
13653W,120,320
13660E,120,320
13649W,120,320
13643W,120,320
13655W,120,320
13650E,120,320
13645W,120,320
13648E,120,320
13651W,120,320
13661W,120,320
929W,30,540
928W,30,540
13358E,120,320
13360E,120,320
13356E,120,320
C5548,60,320
C5528,60,320
5590E,60,320
5582E,60,320
5534E,60,320
C5558,60,320
C5564,60,320
C5588,60,320
C5562,60,320
5556E,60,320
C5584,60,320
C5542,60,320
C5536,60,320
C5532,60,320
C5554,60,320
C5546,60,320
C5566,60,320
5594E,60,320
5570E,60,320
5538E,60,320
5592E,60,320
5526E,60,320
5530E,60,320
C5540,60,320
C5550,60,320
C5544,60,320
C5524,60,320
C5576,60,320
C5568,60,320
5574E,60,320
5560E,60,320
C5572,60,320
C5552,60,320
C5580,60,320
5578E,60,320
5586E,60,320
C4832,120,550
4823W,120,550
C4842,120,550
C4834,120,550
4827W,120,550
4831W,120,550
4825W,120,550
4835W,120,550
4841W,120,550
C4830,120,550
4833W,120,550
4829W,120,550
C4828,120,550
C7014,60,550
C7030,60,550
C7044,60,550
C7020,60,550
C7024,60,550
7033S,60,550
C7040,60,550
7035S,60,550
7029S,60,550
7013S,60,550
C7012,60,550
7017S,60,550
C7034,60,550
7041S,60,550
C7042,60,550
7039S,60,550
C7026,60,550
C7032,60,550
7027S,60,550
C7018,60,550
7025S,60,550
7019S,60,550
C7048,60,550
C7036,60,550
C7022,60,550
C7024A,60,550
7015S,60,550
7023S,60,550
C7016,60,550
7037S,60,550
7021S,60,550
C7046,60,550
C7038,60,550
C7028,60,550
1727S,60,550
1725S,60,550
1736N,60,550
1732N,60,550
1734N,60,550
1740N,60,550
1729S,60,550
1738N,60,550
1807S,30,540
1803S,30,540
1802N,30,540
1815S,30,540
1806N,30,540
1813S,30,540
1811S,30,540
1799S,30,540
1804N,30,540
1809S,30,540
1801S,30,540
13683W,120,320
13703W,120,320
13685W,120,320
13701W,120,320
13693W,120,320
13689W,120,320
13681W,120,320
13695W,120,320
13707W,120,320
13675W,120,320
13697W,120,320
13679W,120,320
13673W,120,320
13705W,120,320
13691W,120,320
13699W,120,320
13687W,120,320
13677W,120,320
9516N,120,320
9523S,120,320
9509S,120,320
9506N,120,320
9513S,120,320
9512N,120,320
9500N,120,320
9498N,120,320
9510N,120,320
9504N,120,320
9517S,120,320
9515S,120,320
9511S,120,320
9508N,120,320
9521S,120,320
9496N,120,320
9519S,120,320
9502N,120,320
1514E,30,540
1518E,30,540
1512E,30,540
1516E,30,540
1540E,30,540
1546E,30,540
1542E,30,540
1544E,30,540
1537W,30,540
C1048,60,550
979W,60,550
C1000,60,550
983W,60,550
C1046,60,550
C1044,60,550
975W,60,550
C1036,60,550
C996,60,550
987W,60,550
C1004,60,550
C1040,60,550
C1032,60,550
977W,60,550
C988,60,550
C986,60,550
985W,60,550
973W,60,550
C1016,60,550
C1012,60,550
994E,60,550
C1020,60,550
989W,60,550
C1050,60,550
C992,60,550
998E,60,550
C1024,60,550
C1028,60,550
C1008,60,550
981W,60,550
1984N,30,540
1982N,30,540
2002N,30,540
1988N,30,540
1978N,30,540
1979SA,30,540
1973S,30,540
2000N,30,540
1979S,30,540
1980N,30,540
1975S,30,540
1986N,30,540
7903W,120,320
7909W,120,320
7907W,120,320
7911W,120,320
7905W,120,320
7901W,120,320
11708E,120,320
11705W,120,320
11712E,120,320
11700E,120,320
11701W,120,320
11704E,120,320
11720E,120,320
11716E,120,320
11726E,120,320
11714E,120,320
11710E,120,320
11724E,120,320
11707W,120,320
11702E,120,320
11718E,120,320
11722E,120,320
11703W,120,320
11709W,120,320
5256E,30,320
5271W,30,320
5258E,30,320
5261W,30,320
5274E,30,320
5271W,30,320
5292E,30,320
5268E,30,320
5267W,30,320
5260E,30,320
5282E,30,320
5261W,30,320
5263W,30,320
5265W,30,320
5259W,30,320
5255W,30,320
5272E,30,320
5257W,30,320
5263W,30,320
5259W,30,320
5278E,30,320
5266E,30,320
5257W,30,320
5288E,30,320
5264E,30,320
5267W,30,320
5280E,30,320
5269W,30,320
5265W,30,320
5271W,30,320
5255W,30,320
5286E,30,320
5276E,30,320
5261W,30,320
5269W,30,320
5270E,30,320
5290E,30,320
5220E,30,320
11789W,120,320
11797W,120,320
11782E,120,320
11783W,120,320
11793W,120,320
11795W,120,320
11780E,120,320
11786E,120,320
11787W,120,320
11791W,120,320
11788E,120,320
11784E,120,320
11785W,120,320
7574N,60,320
7584N,60,320
7578N,60,320
7576N,60,320
7568N,60,320
7590N,60,320
7580N,60,320
7575S,60,320
7579S,60,320
7573S,60,320
7586N,60,320
7582N,60,320
7570N,60,320
7566N,60,320
7585S,60,320
7572N,60,320
7577S,60,320
7588N,60,320
2488N,30,540
2490N,30,540
2483S,30,540
2481S,30,540
2479S,30,540
2489S,30,540
2473S,30,540
2485S,30,540
2476N,30,540
2487S,30,540
2475S,30,540
2486N,30,540
2477S,30,540
13588E,120,320
13586E,120,320
13584E,120,320
4392E,30,540
4384E,30,540
4390E,30,540
4388E,30,540
4380E,30,540
4382E,30,540
4386E,30,540
491W,120,550
13825S,180,200
13817S,180,200
13819S,180,200
13821S,180,200
13823S,180,200
1814E,60,550
1265W,60,550
1812E,60,550
1808E,60,550
1263W,60,550
1816E,60,550
1810E,60,550
C1160,30,540
C1186,30,540
C1154,30,540
C1172,30,540
1157W,30,540
C1170,30,540
1177W,30,540
C1164,30,540
C1158,30,540
1175W,30,540
C1176,30,540
C1174,30,540
1198E,30,540
C1182,30,540
C1150,30,540
C1190,30,540
C1156,30,540
1155W,30,540
C1152,30,540
C1166,30,540
1194E,30,540
C1162,30,540
1188E,30,540
1200E,30,540
C1178,30,540
C1168,30,540
1192E,30,540
12262N,60,320
12264N,60,320
12260N,60,320
12265S,60,320
12263S,60,320
12267S,60,320
1609S,120,550
1617S,120,550
1613S,120,550
1607S,120,550
1611S,120,550
1615S,120,550
1603S,120,550
1601S,120,550
1605S,120,550
8873W,120,550
8879W,120,550
8875W,120,550
8871W,120,550
8877W,120,550
13092N,120,320
13094N,120,320
13059S,120,320
13090N,120,320
13063S,120,320
13061S,120,320
9953S,180,200
9943S,180,200
9978N,180,200
9936N,180,200
9968N,180,200
9934N,180,200
9956N,180,200
9980N,180,200
9948N,180,200
9942N,180,200
9947S,180,200
9976N,180,200
9945S,180,200
9935S,180,200
9958N,180,200
9930N,180,200
9938N,180,200
9960N,180,200
9940N,180,200
9950N,180,200
9970N,180,200
9937S,180,200
9939S,180,200
9982N,180,200
9932N,180,200
9949S,180,200
9946N,180,200
9955S,180,200
9964N,180,200
9954N,180,200
9951S,180,200
9972N,180,200
9966N,180,200
9944N,180,200
9941S,180,200
9974N,180,200
9962N,180,200
9952N,180,200
C5422,120,320
5437W,120,320
5415W,120,320
5419W,120,320
5435W,120,320
C5426,120,320
C5438,120,320
C5430,120,320
5417W,120,320
C5434,120,320
C5424,120,320
C5420,120,320
C5418,120,320
11899W,60,320
11890E,60,320
11885W,60,320
11886E,60,320
11874E,60,320
11882E,60,320
11889W,60,320
11888E,60,320
11897W,60,320
11884E,60,320
11894E,60,320
11870E,60,320
11878E,60,320
11872E,60,320
11892E,60,320
11883W,60,320
11880E,60,320
11876E,60,320
11896E,60,320
11893W,60,320
11901W,60,320
11887W,60,320
11895W,60,320
11891W,60,320
12063W,120,320
12042E,120,320
12069W,120,320
12043W,120,320
12055W,120,320
12071W,120,320
12044E,120,320
12046E,120,320
12047W,120,320
12049W,120,320
12067W,120,320
12061W,120,320
12057W,120,320
12045W,120,320
12041W,120,320
12065W,120,320
12053W,120,320
12051W,120,320
12059W,120,320
1384E,120,550
1687W,120,550
1689W,120,550
1400E,120,550
1393W,120,550
1397W,120,550
1396E,120,550
1395W,120,550
1388E,120,550
1685W,120,550
1394E,120,550
1392E,120,550
1390E,120,550
1386E,120,550
1398E,120,550
2604N,60,550
2602N,60,550
2601S,60,550
2615S,60,550
2591S,60,550
2616N,60,550
2614N,60,550
2594N,60,550
2608N,60,550
2605S,60,550
2593S,60,550
2596N,60,550
2595S,60,550
2592N,60,550
2603S,60,550
2599S,60,550
2613S,60,550
2597S,60,550
2606N,60,550
C822,30,540
C790,30,540
C810,30,540
C798,30,540
791W,30,540
C802,30,540
797W,30,540
785W,30,540
C828,30,540
C814,30,540
C826,30,540
812E,30,540
816E,30,540
C782,30,540
C806,30,540
793W,30,540
787W,30,540
C786,30,540
C794,30,540
795W,30,540
C818,30,540
789W,30,540
C824,30,540
C830,30,540
8480E,120,320
8487W,120,320
8496E,120,320
8497W,120,320
8488E,120,320
8489W,120,320
8482E,120,320
8478E,120,320
8473W,120,320
8483W,120,320
8468E,120,320
8490E,120,320
8498E,120,320
8475W,120,320
8476E,120,320
8502E,120,320
8467W,120,320
8500E,120,320
8479W,120,320
8465W,120,320
8504E,120,320
8491W,120,320
8493W,120,320
8471W,120,320
8466E,120,320
8484E,120,320
8485W,120,320
8495W,120,320
8499W,120,320
8501W,120,320
8469W,120,320
8481W,120,320
8494E,120,320
8474E,120,320
1464E,60,550
1480E,60,550
1475W,60,550
1472E,60,550
1468E,60,550
1477W,60,550
1462E,60,550
1466E,60,550
1465W,60,550
1463W,60,550
1478E,60,550
1461W,60,550
1473W,60,550
1470E,60,550
1787S,30,540
1789S,30,540
1785S,30,540
2238N,60,550
2240N,60,550
2245S,60,550
2230N,60,550
2244N,60,550
2234N,60,550
2228N,60,550
2232N,60,550
2225S,60,550
2243S,60,550
2242N,60,550
2227S,60,550
13219S,120,320
13216N,120,320
13203S,120,320
13222N,120,320
13215S,120,320
13205S,120,320
13217S,120,320
13209S,120,320
13210N,120,320
13211S,120,320
13208N,120,320
13224N,120,320
13212N,120,320
13204N,120,320
13206N,120,320
13221S,120,320
13213S,120,320
13207S,120,320
13218N,120,320
13201S,120,320
13223S,120,320
13214N,120,320
13220N,120,320
8222E,660,80
8228E,660,80
8234E,660,80
8230E,660,80
8226E,660,80
8224E,660,80
8220E,660,80
8240E,660,80
8232E,660,80
8238E,660,80
8236E,660,80
4099W,30,540
4101W,30,540
4005W,30,540
4003W,30,540
1358E,60,550
1356E,60,550
1355W,60,550
1362E,60,550
1351W,60,550
1353W,60,550
1360E,60,550
1364E,60,550
1528E,120,550
1536E,120,550
1530E,120,550
1534E,120,550
1526E,120,550
1532E,120,550
2350N,60,550
2340N,60,550
2337S,60,550
2343S,60,550
2348N,60,550
2345S,60,550
2342N,60,550
2344N,60,550
2334N,60,550
2336N,60,550
2346N,60,550
2339S,60,550
2341S,60,550
2338N,60,550
2254N,30,540
2250N,30,540
2275S,30,540
2249S,30,540
2258N,30,540
2251S,30,540
2253S,30,540
2256N,30,540
2273S,30,540
2260N,30,540
2252N,30,540
2248N,30,540
2255S,30,540
8503W,120,550
8532E,120,550
8536E,120,550
8509W,120,550
8526E,120,550
8530E,120,550
8528E,120,550
8505W,120,550
8524E,120,550
8534E,120,550
8511W,120,550
8432E,60,320
8428E,60,320
8426E,60,320
8436E,60,320
8424E,60,320
8430E,60,320
8431W,60,320
8433W,60,320
8434E,60,320
3586N,180,550
3597S,180,550
3595S,180,550
3572N,180,550
3564N,180,550
3591S,180,550
3576N,180,550
3593S,180,550
3574N,180,550
3584N,180,550
3588N,180,550
3594N,180,550
3578N,180,550
3596N,180,550
3566N,180,550
3598N,180,550
3568N,180,550
1435W,60,550
1425W,60,550
1427W,60,550
1433W,60,550
1429W,60,550
1431W,60,550
1437W,60,550
2129S,60,550
2137S,60,550
5317W,120,550
5321W,120,550
5313W,120,550
5315W,120,550
5319W,120,550
5323W,120,550
1859S,30,540
1849S,30,540
1847S,30,540
1857S,30,540
1855S,30,540
1851S,30,540
1853S,30,540
1861S,30,540
1858N,30,540
1863S,30,540
2627S,120,550
2635S,120,550
2623S,120,550
2625S,120,550
1501W,60,550
1497W,60,550
1499W,60,550
1495W,60,550
1493W,60,550
4586E,120,550
4588E,120,550
4594E,120,550
4590E,120,550
4592E,120,550
2221S,30,540
2208N,30,540
2202N,30,540
2204N,30,540
2200N,30,540
2217S,30,540
2206N,30,540
2219S,30,540
13709W,180,200
13713W,180,200
13711W,180,200
13488E,120,320
13472E,120,320
13484E,120,320
13470E,120,320
13468E,120,320
13478E,120,320
13476E,120,320
13486E,120,320
13480E,120,320
13482E,120,320
13474E,120,320
13827S,180,200
13835S,180,200
13829S,180,200
13831S,180,200
13833S,180,200
53W,120,550
63W,120,550
55W,120,550
61W,120,550
57W,120,550
59W,120,550
3488N,60,550
3465S,60,550
3498N,60,550
3471S,60,550
3490N,60,550
3470N,60,550
3482N,60,550
3494N,60,550
3467S,60,550
3463S,60,550
3466N,60,550
3496N,60,550
3492N,60,550
3500N,60,550
3480N,60,550
3502N,60,550
3464N,60,550
3469S,60,550
3468N,60,550
13518E,120,320
13413W,120,320
13409W,120,320
13520E,120,320
13407W,120,320
13411W,120,320
13663W,120,320
13670E,120,320
13671W,120,320
13665W,120,320
13668E,120,320
13667W,120,320
13669W,120,320
13666E,120,320
2529S,30,540
2531S,30,540
2527S,30,540
2001S,60,550
"2018N,2016",60,550
2007S,60,550
2011S,60,550
1999S,60,550
2012N,60,550
2005S,60,550
2009S,60,550
2003S,60,550
1407W,60,550
1416E,60,550
1411W,60,550
1414E,60,550
1418E,60,550
1424E,60,550
1401W,60,550
1408E,60,550
1412E,60,550
1421W,60,550
1404E,60,550
1413W,60,550
1409W,60,550
1410E,60,550
1423W,60,550
1402E,60,550
1405W,60,550
1420E,60,550
1403W,60,550
1422E,60,550
1406E,60,550
5190E,120,550
5184E,120,550
5185W,120,550
5181W,120,550
5194E,120,550
5182E,120,550
5188E,120,550
5186E,120,550
5183W,120,550
5192E,120,550
5180E,120,550
7567S,60,320
7563S,60,320
7565S,60,320
C7152,240,170
C7158,240,170
C7162,240,170
C7168,240,170
C7170,240,170
C7164,240,170
C7148,240,170
C7156,240,170
C7154,240,170
C7160,240,170
C7150,240,170
C7166,240,170
898E,30,540
902E,30,540
892E,30,540
894E,30,540
900E,30,540
896E,30,540
906E,30,540
904E,30,540
910E,30,540
912E,30,540
918E,30,540
907W,30,540
909W,30,540
916E,30,540
908E,30,540
914E,30,540
4559W,120,550
4572E,120,550
4559W,120,550
4576E,120,550
4574E,120,550
4580E,120,550
4578E,120,550
C408,60,550
3733S,120,550
3693S,120,550
3697S,120,550
3699S,120,550
3705S,120,550
3701S,120,550
3703S,120,550
3707S,120,550
13779W,120,320
13789W,120,320
13801W-NC,120,320
13799W-NC,120,320
13781W,120,320
13787W,120,320
13795W-NC,120,320
13791W,120,320
13797W-NC,120,320
13793W,120,320
13785W,120,320
13783W,120,320
6E,120,550
8E,120,550
10E,120,550
2E,120,550
18E,120,550
16E,120,550
14E,120,550
4E,120,550
12E,120,550
20E,120,550
13883W,120,320
13627W,120,320
13887W,120,320
13881W,120,320
13885W,120,320
13920E,120,320
13922E,120,320
13921W,120,320
13919W,120,320
13917W,120,320
13918E,120,320
13312N,120,320
13301S,120,320
13303S,120,320
13310N,120,320
13824N,180,200
13826N,180,200
13828N,180,200
13830N,180,200
13822N,180,200
10047S,60,550
10043S,60,550
10045S,60,550
10041S,60,550
1559W,120,550
1561W,120,550
1567W,120,550
1565W,120,550
1555W,120,550
1557W,120,550
1563W,120,550
3611S,180,550
3607S,180,550
3609S,180,550
1552E,30,540
1550E,30,540
4851W,30,540
4849W,30,540
13306N,120,320
13304N,120,320
13308N,120,320
1006E,120,550
"987W,989W",120,550
990E,120,550
1002E,120,550
13717W,180,200
13721W,180,200
13715W,180,200
7554N,30,540
7552N,30,540
7558N,30,540
7556N,30,540
C1252,60,550
C1250,60,550
C1256,60,550
C1258,60,550
C1278,60,550
1280E,60,550
C1248,60,550
C1254,60,550
1268E,60,550
C1270,60,550
C1266,60,550
C1260,60,550
C1262,60,550
1272E,60,550
C1274,60,550
2555S,30,540
2549S,30,540
2553S,30,540
2551S,30,540
2557S,30,540
13275S,120,320
13269S,120,320
13913W,120,320
13916E,120,320
3862N,120,550
3858N,120,550
3868N,120,550
3860N,120,550
3864N,120,550
3874N,30,540
3876N,30,540
3878N,30,540
3875S,30,540
3873S,30,540
10056N,60,550
10058N,60,550
